City_ID,City,Lat,Lng,Max Temp,Humidity,Cloudiness,Wind Speed,Country,Date
0,margaret river,-33.95,115.0667,13.82000000000005,65,48,3.14,AU,2024-07-26 19:29:48
1,grytviken,-54.2811,-36.5092,-0.2699999999999818,96,100,1.2,GS,2024-07-26 19:29:48
2,kodiak,57.79,-152.4072,12.730000000000018,100,100,1.54,US,2024-07-26 19:29:48
3,whitehorse,60.7161,-135.0538,16.08000000000004,67,20,6.71,CA,2024-07-26 19:29:48
4,ziway,7.9333,38.7167,20.120000000000005,79,100,4.76,ET,2024-07-26 19:29:48
5,labrador city,52.9463,-66.9114,18.99000000000001,35,0,2.24,CA,2024-07-26 19:29:48
6,ola,59.5833,151.2833,11.430000000000007,60,4,4.77,RU,2024-07-26 19:29:48
7,iqaluit,63.7506,-68.5145,6.5,70,75,12.86,CA,2024-07-26 19:29:48
8,port-aux-francais,-49.35,70.2167,1.1800000000000068,81,78,19.01,TF,2024-07-26 19:29:48
9,manistee,44.2445,-86.3242,24.450000000000045,59,0,4.12,US,2024-07-26 19:29:48
10,waitangi,-43.9535,-176.5597,7.680000000000007,83,2,2.96,NZ,2024-07-26 19:29:49
11,akrehamn,59.2667,5.1833,16.150000000000034,77,20,4.12,NO,2024-07-26 19:29:49
12,puerto natales,-51.7236,-72.4875,2.25,87,75,3.6,CL,2024-07-26 19:29:49
13,lerwick,60.1545,-1.1494,14.0,85,50,5.96,GB,2024-07-26 19:29:49
14,qaqortoq,60.7167,-46.0333,5.360000000000014,74,100,4.72,GL,2024-07-26 19:29:49
15,katsuren-haebaru,26.3369,127.8719,28.960000000000036,87,75,5.66,JP,2024-07-26 19:29:49
16,papatowai,-46.5619,169.4708,11.379999999999995,82,100,1.8,NZ,2024-07-26 19:29:49
17,arkhangel'sk,64.5401,40.5433,15.060000000000002,67,0,3.0,RU,2024-07-26 19:29:49
18,tubarjal,30.4999,38.216,32.24000000000001,29,0,9.01,SA,2024-07-26 19:29:49
19,saint-pierre,-21.3393,55.4781,20.77000000000004,52,20,2.06,RE,2024-07-26 19:29:49
20,vilhena,-12.7406,-60.1458,33.120000000000005,31,0,3.6,BR,2024-07-26 19:29:49
21,kayangel,8.0823,134.7173,28.010000000000048,79,100,7.17,PW,2024-07-26 19:29:50
22,ilulissat,69.2167,-51.1,4.010000000000048,93,75,2.57,GL,2024-07-26 19:29:50
23,manokwari,-0.8667,134.0833,26.110000000000014,80,57,0.97,ID,2024-07-26 19:29:50
24,blackmans bay,-43.0167,147.3167,8.710000000000036,79,100,0.89,AU,2024-07-26 19:29:50
25,punta arenas,-53.15,-70.9167,2.9600000000000364,75,75,11.32,CL,2024-07-26 19:29:50
26,aripuana,-9.1667,-60.6333,37.379999999999995,18,0,1.82,BR,2024-07-26 19:29:50
27,korla,41.7597,86.1469,28.03000000000003,33,8,5.9,CN,2024-07-26 19:29:50
28,bethel,41.3712,-73.414,27.379999999999995,50,0,5.66,US,2024-07-26 19:29:50
29,banda aceh,5.5577,95.3222,27.360000000000014,77,100,5.44,ID,2024-07-26 19:29:50
30,remire-montjoly,4.9167,-52.2667,22.02000000000004,100,75,2.57,GF,2024-07-26 19:29:51
31,sao gabriel da cachoeira,-0.1303,-67.0892,28.890000000000043,74,40,1.54,BR,2024-07-26 19:29:51
32,sitia,35.2,26.0986,29.430000000000007,70,0,7.0,GR,2024-07-26 19:29:51
33,albany,42.6001,-73.9662,26.700000000000045,47,1,0.89,US,2024-07-26 19:29:51
34,keflavik,64.0049,-22.5624,10.240000000000009,100,100,6.69,IS,2024-07-26 19:29:51
35,hawaiian paradise park,19.5933,-154.9731,24.77000000000004,83,100,3.6,US,2024-07-26 19:29:51
36,koungheul,13.9833,-14.8,29.610000000000014,70,98,3.63,SN,2024-07-26 19:29:51
37,muynoq,43.7683,59.0214,25.310000000000002,31,0,4.07,UZ,2024-07-26 19:29:51
38,ribeira grande,38.5167,-28.7,25.220000000000027,88,75,6.17,PT,2024-07-26 19:25:20
39,isafjordur,66.0755,-23.124,7.730000000000018,91,99,2.83,IS,2024-07-26 19:29:51
40,castuera,38.732,-5.5439,35.22000000000003,13,0,3.47,ES,2024-07-26 19:29:52
41,ushuaia,-54.8,-68.3,1.8100000000000023,87,75,9.77,AR,2024-07-26 19:29:52
42,menominee,45.1078,-87.6143,24.04000000000002,53,0,5.14,US,2024-07-26 19:29:52
43,bastia,42.6667,9.3333,27.33000000000004,67,0,1.03,FR,2024-07-26 19:29:52
44,port elizabeth,-33.918,25.5701,13.050000000000011,87,0,1.54,ZA,2024-07-26 19:29:52
45,irati,-25.4672,-50.6511,22.77000000000004,49,100,0.97,BR,2024-07-26 19:29:52
46,sola,-13.8833,167.55,25.180000000000007,63,49,10.62,VU,2024-07-26 19:29:52
47,caraubas,-5.7925,-37.5567,33.18000000000001,27,19,6.82,BR,2024-07-26 19:29:52
48,badger,64.8,-147.5333,19.629999999999995,78,40,2.57,US,2024-07-26 19:29:52
49,tiksi,71.6872,128.8694,5.1200000000000045,75,61,1.33,RU,2024-07-26 19:29:53
50,bachi-yurt,43.22,46.2,22.74000000000001,85,100,0.38,RU,2024-07-26 19:29:53
51,sanjwal,33.7608,72.4336,35.860000000000014,46,0,3.69,PK,2024-07-26 19:29:53
52,kattivakkam,13.2167,80.3167,30.58000000000004,70,100,6.83,IN,2024-07-26 19:29:53
53,santa ana de yacuma,-13.75,-65.4333,34.97000000000003,36,20,1.54,BO,2024-07-26 19:29:53
54,faxinal,-24.0003,-51.3194,23.640000000000043,36,100,3.04,BR,2024-07-26 19:27:30
55,lebu,-37.6167,-73.65,9.75,59,5,5.67,CL,2024-07-26 19:29:53
56,stanley,54.868,-1.6985,15.450000000000045,67,0,4.12,GB,2024-07-26 19:29:53
57,port saint john's,-31.6229,29.5448,18.189999999999998,67,80,1.52,ZA,2024-07-26 19:29:53
58,ulladulla,-35.35,150.4667,7.7000000000000455,66,0,2.53,AU,2024-07-26 19:29:54
59,constantia,44.1833,28.65,21.379999999999995,68,0,3.57,RO,2024-07-26 19:25:12
60,saint-louis,16.3333,-15.0,33.80000000000001,47,90,7.92,SN,2024-07-26 19:29:54
61,arkalyk,50.2486,66.9114,17.420000000000016,62,0,2.46,KZ,2024-07-26 19:29:54
62,iquique,-20.2208,-70.1431,17.02000000000004,76,26,3.03,CL,2024-07-26 19:29:44
63,charters towers,-20.1,146.2667,15.010000000000048,96,89,2.99,AU,2024-07-26 19:29:54
64,mantua,45.1667,10.7833,27.810000000000002,70,3,0.89,IT,2024-07-26 19:29:54
65,cabo san lucas,22.8909,-109.9124,34.170000000000016,46,0,4.12,MX,2024-07-26 19:25:51
66,invercargill,-46.4,168.35,10.010000000000048,96,100,0.74,NZ,2024-07-26 19:29:54
67,wapi pathum,15.8452,103.3768,27.960000000000036,87,100,6.26,TH,2024-07-26 19:29:54
68,cabedelo,-6.9811,-34.8339,27.370000000000005,77,16,7.55,BR,2024-07-26 19:29:55
69,bredasdorp,-34.5322,20.0403,9.689999999999998,86,0,2.93,ZA,2024-07-26 19:29:55
70,souillac,-20.5167,57.5167,21.210000000000036,83,20,0.51,MU,2024-07-26 19:29:55
71,lianran,24.9227,102.485,22.30000000000001,81,98,0.8,CN,2024-07-26 19:29:55
72,mejit,10.2753,170.8646,28.04000000000002,82,100,8.35,MH,2024-07-26 19:29:55
73,iskateley,67.6803,53.1512,8.240000000000009,77,100,4.19,RU,2024-07-26 19:27:10
74,aleksandrovsk-sakhalinskiy,50.8975,142.1561,13.970000000000027,89,7,4.9,RU,2024-07-26 19:29:55
75,aasiaat,68.7098,-52.8699,2.2700000000000387,95,100,2.27,GL,2024-07-26 19:29:55
76,olonkinbyen,70.9221,-8.7187,5.050000000000011,98,100,4.55,SJ,2024-07-26 19:29:55
77,enewetak,11.3474,162.3373,28.650000000000034,79,100,9.36,MH,2024-07-26 19:29:55
78,yurimaguas,-5.9,-76.0833,33.09000000000003,58,20,2.06,PE,2024-07-26 19:29:56
79,sena madureira,-9.0656,-68.6569,38.06,24,6,1.09,BR,2024-07-26 19:29:56
80,oranjemund,-28.55,16.4333,12.879999999999995,83,0,0.63,NA,2024-07-26 19:29:56
81,hammerfest,70.6634,23.6821,22.25,64,0,2.06,NO,2024-07-26 19:29:56
82,quellon,-43.1167,-73.6167,8.860000000000014,80,68,7.29,CL,2024-07-26 19:29:56
83,adamstown,-25.066,-130.1015,20.28000000000003,72,100,5.83,PN,2024-07-26 19:29:56
84,thompson,55.7435,-97.8558,25.090000000000032,83,100,3.6,CA,2024-07-26 19:29:56
85,bilibino,68.0546,166.4372,2.890000000000043,74,100,2.57,RU,2024-07-26 19:29:56
86,longyearbyen,78.2186,15.6401,9.910000000000025,87,75,2.06,SJ,2024-07-26 19:29:56
87,paracuru,-3.41,-39.0306,27.28000000000003,65,100,6.84,BR,2024-07-26 19:29:57
88,uturoa,-16.7333,-151.4333,25.310000000000002,66,31,7.37,PF,2024-07-26 19:29:57
89,polyarnyy,69.1989,33.4478,17.83000000000004,72,9,1.51,RU,2024-07-26 19:29:57
90,vernon,50.2581,-119.2691,23.220000000000027,39,0,1.03,CA,2024-07-26 19:28:02
91,todos santos,23.45,-110.2167,26.910000000000025,74,69,4.53,MX,2024-07-26 19:29:57
92,hermanus,-34.4187,19.2345,11.560000000000002,82,0,5.81,ZA,2024-07-26 19:27:06
93,tazovsky,67.4667,78.7,9.970000000000027,95,90,2.89,RU,2024-07-26 19:29:58
94,avarua,-21.2078,-159.775,25.03000000000003,78,20,7.2,CK,2024-07-26 19:29:58
95,kalifornsky,60.4183,-151.29,12.939999999999998,99,100,6.69,US,2024-07-26 19:29:58
96,hadibu,12.65,54.0333,26.010000000000048,78,100,9.24,YE,2024-07-26 19:29:58
97,petropavlovsk-kamchatsky,53.0452,158.6483,11.78000000000003,93,92,0.61,RU,2024-07-26 19:29:58
98,azangaro,-14.9167,-70.2167,15.650000000000034,20,0,1.67,PE,2024-07-26 19:29:58
99,tura,25.5198,90.2201,26.100000000000023,96,100,2.7,IN,2024-07-26 19:27:35
100,edinburgh of the seven seas,-37.0676,-12.3116,10.760000000000048,59,36,3.6,SH,2024-07-26 19:29:58
101,turkmenbasy,40.0222,52.9552,29.430000000000007,42,0,3.09,TM,2024-07-26 19:29:58
102,millom,54.2107,-3.272,16.04000000000002,83,7,4.01,GB,2024-07-26 19:29:58
103,new norfolk,-42.7826,147.0587,9.310000000000002,90,99,1.73,AU,2024-07-26 19:29:59
104,talnakh,69.4865,88.3972,15.610000000000014,80,3,4.02,RU,2024-07-26 19:29:59
105,kavieng,-2.5744,150.7967,26.82000000000005,80,100,3.53,PG,2024-07-26 19:29:59
106,weno,7.4515,151.8468,25.970000000000027,94,100,6.17,FM,2024-07-26 19:26:49
107,codrington,-38.2667,141.9667,8.230000000000018,95,100,3.64,AU,2024-07-26 19:30:00
108,puerto baquerizo moreno,-0.9,-89.6,22.55000000000001,73,75,8.23,EC,2024-07-26 19:30:01
109,saipan,15.1355,145.701,28.390000000000043,78,75,2.06,MP,2024-07-26 19:30:01
110,shumerlya,55.5005,46.4129,12.78000000000003,70,100,1.79,RU,2024-07-26 19:30:01
111,leava,-14.3,-178.1667,25.80000000000001,78,100,7.68,WF,2024-07-26 19:30:02
112,touros,-5.1989,-35.4608,25.170000000000016,74,5,6.46,BR,2024-07-26 19:30:02
113,afaahiti,-17.75,-149.2833,24.930000000000007,68,100,5.79,PF,2024-07-26 19:23:15
114,uusikaupunki,60.8004,21.4084,16.850000000000023,89,100,2.61,FI,2024-07-26 19:30:02
115,yellowknife,62.456,-114.3525,25.189999999999998,47,75,7.72,CA,2024-07-26 19:30:02
116,kamenolomni,47.6685,40.2051,25.150000000000034,32,21,4.81,RU,2024-07-26 19:30:03
117,usogorsk,63.4106,48.6872,13.78000000000003,54,100,1.87,RU,2024-07-26 19:30:03
118,ambovombe,-25.1667,46.0833,18.02000000000004,70,0,1.58,MG,2024-07-26 19:30:03
119,aitape,-3.1374,142.3475,25.189999999999998,88,100,2.27,PG,2024-07-26 19:30:03
120,muang phon-hong,18.4928,102.4172,23.78000000000003,93,87,0.23,LA,2024-07-26 19:30:03
121,acapulco de juarez,16.8634,-99.8901,30.900000000000034,74,0,6.17,MX,2024-07-26 19:28:12
122,karratha,-20.7377,116.8463,15.960000000000036,24,0,6.2,AU,2024-07-26 19:30:03
123,doctor mora,21.1417,-100.3125,20.79000000000002,63,100,0.57,MX,2024-07-26 19:30:03
124,port macquarie,-31.4333,152.9167,8.930000000000007,99,37,0.89,AU,2024-07-26 19:30:04
125,al jawf,29.5,38.75,32.879999999999995,17,0,4.17,SA,2024-07-26 19:27:29
126,jacmel,18.2342,-72.5347,36.910000000000025,68,100,3.62,HT,2024-07-26 19:30:04
127,nova sintra,14.8667,-24.7167,25.980000000000018,79,24,0.81,CV,2024-07-26 19:30:04
128,sandnessjoen,66.0217,12.6316,16.980000000000018,94,75,2.06,NO,2024-07-26 19:30:04
129,susuman,62.7833,148.1667,7.770000000000039,70,7,0.56,RU,2024-07-26 19:27:02
130,milford haven,51.7128,-5.0341,16.170000000000016,82,10,6.27,GB,2024-07-26 19:30:04
131,keuruu,62.2667,24.7,21.100000000000023,81,6,0.59,FI,2024-07-26 19:30:04
132,mtwara,-10.2667,40.1833,20.960000000000036,78,24,3.05,TZ,2024-07-26 19:30:05
133,georgetown,5.4112,100.3354,29.960000000000036,70,20,1.03,MY,2024-07-26 19:30:05
134,kokoda,-8.8785,147.7407,22.79000000000002,99,91,0.24,PG,2024-07-26 19:30:05
135,baiti,13.745,-14.7482,28.680000000000007,71,82,3.05,SN,2024-07-26 19:30:05
136,mossel bay,-34.1831,22.146,12.879999999999995,81,0,1.22,ZA,2024-07-26 19:30:05
137,palmer,42.1584,-72.3287,27.55000000000001,40,40,7.2,US,2024-07-26 19:30:05
138,kuta,-8.7233,115.1723,25.970000000000027,89,40,4.12,ID,2024-07-26 19:30:05
139,bardai,11.65,7.2333,23.150000000000034,86,98,3.17,NG,2024-07-26 19:30:05
140,amga,60.8953,131.9608,19.870000000000005,85,100,0.73,RU,2024-07-26 19:30:06
141,gadzhiyevo,69.2551,33.3362,17.470000000000027,70,8,1.54,RU,2024-07-26 19:30:06
142,puerto deseado,-47.7503,-65.8938,9.860000000000014,45,100,16.33,AR,2024-07-26 19:30:06
143,tofol,5.3248,163.0078,28.350000000000023,78,100,6.29,FM,2024-07-26 19:30:06
144,al qabil,22.571,58.6947,31.75,46,57,4.04,OM,2024-07-26 19:30:06
145,el abiodh sidi cheikh,32.893,0.5484,32.14000000000004,16,100,4.5,DZ,2024-07-26 19:30:06
146,papao,-17.75,-149.55,25.82000000000005,68,94,6.72,PF,2024-07-26 19:30:06
147,utrik,11.2278,169.8474,27.74000000000001,82,100,8.86,MH,2024-07-26 19:26:53
148,ghanzi,-21.5667,21.7833,13.670000000000016,27,0,1.19,BW,2024-07-26 19:30:06
149,lata,40.1629,-8.3327,20.600000000000023,90,50,1.77,PT,2024-07-26 19:30:07
150,ust-nera,64.5667,143.2,13.050000000000011,52,15,1.48,RU,2024-07-26 19:30:07
151,merizo village,13.2658,144.6691,24.0,95,100,1.78,GU,2024-07-26 19:26:44
152,jamestown,42.097,-79.2353,24.150000000000034,43,0,2.06,US,2024-07-26 19:27:32
153,udachny,66.4167,112.4,11.25,60,73,1.63,RU,2024-07-26 19:26:17
154,las heras,-46.5419,-68.9359,8.129999999999995,49,15,15.98,AR,2024-07-26 19:30:07
155,ponta delgada,37.7333,-25.6667,25.400000000000034,83,40,5.14,PT,2024-07-26 19:30:07
156,vorgashor,67.5833,63.95,8.5,90,100,1.8,RU,2024-07-26 19:30:07
157,cockburn town,21.4612,-71.1419,28.75,85,100,7.35,TC,2024-07-26 19:30:08
158,kapuskasing,49.4169,-82.4331,24.0,50,75,5.14,CA,2024-07-26 19:30:08
159,novodvinsk,64.4165,40.8122,14.860000000000014,64,9,2.44,RU,2024-07-26 19:30:08
160,chibougamau,49.9168,-74.3659,20.79000000000002,43,0,4.63,CA,2024-07-26 19:30:08
161,murzuq,25.9155,13.9184,35.35000000000002,23,6,5.8,LY,2024-07-26 19:30:08
162,ribeira brava,32.65,-17.0667,25.620000000000005,81,0,1.83,PT,2024-07-26 19:30:08
163,malango,-2.9627,119.9001,18.700000000000045,99,51,0.78,ID,2024-07-26 19:30:08
164,puerto ayora,-0.7393,-90.3518,21.420000000000016,91,39,3.58,EC,2024-07-26 19:30:08
165,cestos city,5.46,-9.5828,24.400000000000034,86,100,4.56,LR,2024-07-26 19:30:08
166,east london,-33.0153,27.9116,16.52000000000004,73,32,3.11,ZA,2024-07-26 19:25:17
167,port blair,11.6667,92.75,29.02000000000004,84,75,5.66,IN,2024-07-26 19:30:08
168,timimoun,29.2639,0.231,40.210000000000036,10,40,2.06,DZ,2024-07-26 19:30:09
169,constitucion,-35.3333,-72.4167,11.970000000000027,57,98,6.08,CL,2024-07-26 19:30:09
170,namtsy,62.7161,129.6658,15.710000000000036,97,100,2.23,RU,2024-07-26 19:30:09
171,bushehr,28.9684,50.8385,34.05000000000001,59,5,0.0,IR,2024-07-26 19:30:09
172,carnarvon,-24.8667,113.6333,16.590000000000032,67,0,6.01,AU,2024-07-26 19:27:20
173,newman,37.3138,-121.0208,36.620000000000005,8,0,3.94,US,2024-07-26 19:30:09
174,nar'yan-mar,67.6713,53.087,7.390000000000043,82,100,3.73,RU,2024-07-26 19:30:09
175,dawson creek,55.7666,-120.2362,14.800000000000011,72,75,5.14,CA,2024-07-26 19:30:09
176,hithadhoo,-0.6,73.0833,28.950000000000045,70,85,3.77,MV,2024-07-26 19:30:09
177,newport,51.5877,-2.9984,17.52000000000004,84,0,4.47,GB,2024-07-26 19:30:09
178,xiahu,26.6106,119.9483,26.810000000000002,95,100,12.91,CN,2024-07-26 19:30:10
179,sangkhla buri,15.1555,98.4536,22.900000000000034,99,100,0.28,TH,2024-07-26 19:26:12
180,khanty-mansiysk,61.0042,69.0019,16.060000000000002,77,40,4.0,RU,2024-07-26 19:30:10
181,eastham,41.8301,-69.9739,24.920000000000016,59,0,2.57,US,2024-07-26 19:26:38
182,west island,-12.1568,96.8225,25.99000000000001,83,100,3.09,CC,2024-07-26 19:30:10
183,calca,-13.3333,-71.95,22.640000000000043,33,11,2.43,PE,2024-07-26 19:30:10
184,helena valley west central,46.6629,-112.0604,26.100000000000023,27,75,2.68,US,2024-07-26 19:30:10
185,luderitz,-26.6481,15.1594,13.07000000000005,79,35,3.38,NA,2024-07-26 19:27:36
186,lompoc,34.6391,-120.4579,22.970000000000027,64,0,5.14,US,2024-07-26 19:30:10
187,wailua homesteads,22.0669,-159.378,24.510000000000048,84,100,7.2,US,2024-07-26 19:30:11
188,aral,40.5156,81.2636,32.14000000000004,22,100,5.55,CN,2024-07-26 19:30:11
189,shimoda,34.6667,138.95,27.28000000000003,96,99,4.15,JP,2024-07-26 19:30:11
190,road town,18.4167,-64.6167,31.02000000000004,74,40,4.63,VG,2024-07-26 19:30:11
191,alofi,-19.0595,-169.9187,22.939999999999998,88,75,4.12,NU,2024-07-26 19:30:11
192,altai,46.3722,96.2583,16.870000000000005,45,79,0.6,MN,2024-07-26 19:30:11
193,bodo,67.28,14.405,20.700000000000045,68,0,3.6,NO,2024-07-26 19:30:11
194,fort bragg,35.139,-79.006,24.810000000000002,93,100,2.57,US,2024-07-26 19:26:42
195,zheleznogorsk-ilimskiy,56.5768,104.1217,16.430000000000007,94,40,0.99,RU,2024-07-26 19:30:11
196,'ain benian,36.8028,2.9219,27.03000000000003,71,100,6.37,DZ,2024-07-26 19:30:12
197,igarka,67.4667,86.5833,14.220000000000027,95,100,3.36,RU,2024-07-26 19:30:12
198,sao vicente,-23.9631,-46.3919,22.860000000000014,60,100,1.54,BR,2024-07-26 19:30:12
199,st. john's,47.5649,-52.7093,17.27000000000004,95,100,3.09,CA,2024-07-26 19:30:12
200,pedregal,8.3667,-82.4333,29.730000000000018,72,40,5.14,PA,2024-07-26 19:30:12
201,klyuchi,52.2667,79.1667,24.350000000000023,59,100,3.93,RU,2024-07-26 19:27:31
202,tsiombe,-25.3,45.4833,17.410000000000025,71,0,1.82,MG,2024-07-26 19:30:12
203,kaura namoda,12.5898,6.5779,27.870000000000005,68,100,3.28,NG,2024-07-26 19:30:12
204,juneau,58.3019,-134.4197,13.0,82,100,1.54,US,2024-07-26 19:27:39
205,sinop,41.7711,34.8709,17.180000000000007,98,100,1.09,TR,2024-07-26 19:30:13
206,ceres,37.5949,-120.9577,36.160000000000025,17,0,2.06,US,2024-07-26 19:30:13
207,chipinge,-20.1883,32.6236,12.920000000000016,73,0,2.19,ZW,2024-07-26 19:30:13
208,susanville,40.4163,-120.653,29.890000000000043,8,0,6.58,US,2024-07-26 19:30:13
209,port mathurin,-19.6833,63.4167,22.760000000000048,74,0,8.26,MU,2024-07-26 19:30:13
210,tanjung selor,2.8372,117.3642,23.939999999999998,99,100,1.04,ID,2024-07-26 19:30:13
211,luganville,-15.5333,167.1667,23.100000000000023,71,100,5.12,VU,2024-07-26 19:30:13
212,irymple,-34.25,142.1667,7.960000000000036,55,6,4.7,AU,2024-07-26 19:30:13
213,akureyri,65.6835,-18.0878,9.960000000000036,87,75,4.63,IS,2024-07-26 19:30:13
214,paita,-5.0892,-81.1144,19.879999999999995,73,2,8.43,PE,2024-07-26 19:30:14
215,bolobo,-2.1667,16.2333,26.170000000000016,47,55,1.86,CD,2024-07-26 19:30:14
216,pagadian,7.8257,123.437,24.220000000000027,88,100,0.59,PH,2024-07-26 19:30:14
217,sitka,57.0531,-135.33,15.680000000000007,73,91,2.27,US,2024-07-26 19:30:14
218,al muwayh,22.4333,41.7583,28.57000000000005,26,100,6.5,SA,2024-07-26 19:30:14
219,north battleford,52.7834,-108.2847,21.05000000000001,43,75,11.83,CA,2024-07-26 19:30:14
220,olenegorsk,68.15,33.3,16.99000000000001,58,9,2.85,RU,2024-07-26 19:30:15
221,coswig,51.1333,13.5833,21.400000000000034,76,0,1.03,DE,2024-07-26 19:30:15
222,boda,4.3189,17.4695,21.590000000000032,97,100,2.18,CF,2024-07-26 19:30:15
223,dixiana,33.9193,-81.0593,28.27000000000004,78,75,2.06,US,2024-07-26 19:30:15
224,dunedin,-45.8742,170.5036,11.560000000000002,67,100,0.45,NZ,2024-07-26 19:26:54
225,antalaha,-14.9003,50.2788,20.05000000000001,91,18,2.56,MG,2024-07-26 19:30:15
226,tucuma,-0.1833,-50.05,29.870000000000005,65,28,4.84,BR,2024-07-26 19:30:15
227,tual,-5.6667,132.75,25.340000000000032,89,100,5.87,ID,2024-07-26 19:30:15
228,anadyr,64.75,177.4833,7.78000000000003,75,75,5.0,RU,2024-07-26 19:30:15
229,lihue,21.9789,-159.3672,23.77000000000004,83,100,7.2,US,2024-07-26 19:30:16
230,island harbour,50.724,-1.2758,17.350000000000023,71,2,1.79,GB,2024-07-26 19:30:16
231,santa cruz,-17.8,-63.1667,32.03000000000003,48,20,8.75,BO,2024-07-26 19:23:42
232,tolanaro,-25.0319,46.9987,20.04000000000002,83,20,1.03,MG,2024-07-26 19:30:16
233,jucas,-6.5253,-39.5275,32.650000000000034,23,17,2.95,BR,2024-07-26 19:30:16
234,port augusta,-32.5,137.7667,10.29000000000002,73,100,0.56,AU,2024-07-26 19:30:16
235,conception bay south,47.4999,-52.9981,17.610000000000014,94,97,1.86,CA,2024-07-26 19:30:16
236,hilo,19.7297,-155.09,24.960000000000036,81,100,3.6,US,2024-07-26 19:30:16
237,maragogi,-9.0122,-35.2225,23.910000000000025,75,58,4.11,BR,2024-07-26 19:30:17
238,vilyuysk,63.7553,121.6247,11.770000000000039,81,12,2.1,RU,2024-07-26 19:30:17
239,montepuez,-13.1256,38.9997,17.720000000000027,69,0,2.96,MZ,2024-07-26 19:30:17
240,bel ombre,-4.6167,55.4167,25.910000000000025,89,40,5.66,SC,2024-07-26 19:27:05
241,mae hong son,19.3003,97.9685,24.03000000000003,100,100,0.93,TH,2024-07-26 19:30:17
242,dudinka,69.4058,86.1778,14.600000000000023,95,0,3.91,RU,2024-07-26 19:30:17
243,labytnangi,66.6572,66.4183,11.0,83,100,1.32,RU,2024-07-26 19:30:17
244,donggang,28.9365,114.2259,25.79000000000002,97,95,1.5,CN,2024-07-26 19:30:17
245,geraldton,-28.7667,114.6,9.230000000000018,100,0,4.63,AU,2024-07-26 19:27:13
246,tralee,52.2704,-9.7026,13.629999999999995,80,100,2.85,IE,2024-07-26 19:30:18
247,dakhla,23.6848,-15.958,21.010000000000048,94,18,8.23,EH,2024-07-26 19:30:18
248,madalena,41.2162,-8.3345,24.57000000000005,73,0,1.92,PT,2024-07-26 19:30:18
249,sirte,31.2089,16.5887,27.350000000000023,70,0,5.34,LY,2024-07-26 19:30:18
250,ulsteinvik,62.3432,5.8487,15.350000000000023,91,7,2.24,NO,2024-07-26 19:30:18
251,arraial do cabo,-22.9661,-42.0278,25.920000000000016,61,0,5.14,BR,2024-07-26 19:30:18
252,kalmunai,7.4167,81.8167,28.640000000000043,65,100,1.26,LK,2024-07-26 19:30:19
253,flagstaff,35.1981,-111.6513,27.960000000000036,41,17,1.42,US,2024-07-26 19:26:54
254,san rafael del sur,11.8485,-86.4384,30.54000000000002,56,99,5.7,NI,2024-07-26 19:30:19
255,fort st. john,56.2499,-120.8529,13.939999999999998,88,100,6.69,CA,2024-07-26 19:30:19
256,sona,45.4388,10.8255,27.720000000000027,63,0,1.03,IT,2024-07-26 19:30:19
257,gorom-gorom,14.4439,-0.2361,33.55000000000001,45,37,5.34,BF,2024-07-26 19:30:19
258,maumere,-8.6199,122.2111,24.620000000000005,88,67,2.81,ID,2024-07-26 19:30:19
259,wanning,18.8003,110.3967,26.650000000000034,94,100,4.24,CN,2024-07-26 19:30:19
260,ouesso,1.6136,16.0517,25.82000000000005,67,98,1.58,CG,2024-07-26 19:30:19
261,magadan,59.5667,150.8,12.53000000000003,57,1,4.41,RU,2024-07-26 19:30:19
262,kristiansund,63.1115,7.732,13.560000000000002,96,75,8.75,NO,2024-07-26 19:30:19
263,zhangjiakou,40.81,114.8794,21.720000000000027,91,60,2.21,CN,2024-07-26 19:30:20
264,forster,-32.1667,152.5167,12.060000000000002,89,88,2.42,AU,2024-07-26 19:30:20
265,saldanha,-33.0117,17.9442,13.03000000000003,90,8,4.5,ZA,2024-07-26 19:30:20
266,geneseo,42.7959,-77.8169,25.49000000000001,52,0,0.45,US,2024-07-26 19:26:53
267,labuan,5.2767,115.2417,27.200000000000045,94,20,0.0,MY,2024-07-26 19:30:20
268,champerico,14.3,-91.9167,34.30000000000001,71,100,3.13,GT,2024-07-26 19:30:20
269,atafu village,-8.5421,-172.5159,27.860000000000014,68,64,0.69,TK,2024-07-26 19:30:20
270,kingston,17.997,-76.7936,34.53000000000003,55,20,7.2,JM,2024-07-26 19:27:26
271,zhangatas,43.5667,69.75,25.640000000000043,28,1,3.82,KZ,2024-07-26 19:30:20
272,ha giang,22.8333,104.9833,26.83000000000004,88,79,1.37,VN,2024-07-26 19:30:20
273,ambon,-3.6954,128.1814,26.04000000000002,95,20,1.03,ID,2024-07-26 19:30:20
274,salalah,17.0151,54.0924,25.05000000000001,100,100,1.54,OM,2024-07-26 19:30:21
275,xiva,41.3783,60.3639,22.99000000000001,25,7,7.46,UZ,2024-07-26 19:30:21
276,port alfred,-33.5906,26.891,14.82000000000005,78,9,3.79,ZA,2024-07-26 19:30:21
277,ketchikan,55.3422,-131.6461,16.150000000000034,77,100,4.12,US,2024-07-26 19:30:21
278,muisne,0.6,-80.0333,25.010000000000048,80,58,4.24,EC,2024-07-26 19:30:21
279,vilyuchinsk,52.9306,158.4028,14.79000000000002,88,65,0.82,RU,2024-07-26 19:30:21
280,aykhal,66.0,111.5,12.510000000000048,72,100,1.0,RU,2024-07-26 19:30:21
281,khirkiyan,22.1667,76.85,24.83000000000004,97,100,6.09,IN,2024-07-26 19:30:21
282,hasaki,35.7333,140.8333,26.220000000000027,86,94,2.3,JP,2024-07-26 19:30:21
283,tutoia,-2.7619,-42.2744,26.810000000000002,68,36,5.83,BR,2024-07-26 19:30:22
284,san lawrenz,36.0553,14.204,26.590000000000032,77,0,1.89,MT,2024-07-26 19:30:22
285,ingeniero guillermo n. juarez,-23.9,-61.85,31.370000000000005,32,4,2.25,AR,2024-07-26 19:30:22
286,bengkulu,-3.8004,102.2655,23.660000000000025,88,0,1.99,ID,2024-07-26 19:30:22
287,queenstown,-31.8976,26.8753,8.350000000000023,29,0,1.19,ZA,2024-07-26 19:27:03
288,xiulin,29.7167,112.4,27.82000000000005,81,7,7.47,CN,2024-07-26 19:30:22
289,saint-francois,46.4154,3.9054,23.710000000000036,75,100,1.42,FR,2024-07-26 19:30:22
290,biryusinsk,55.9634,97.8235,16.57000000000005,90,9,1.68,RU,2024-07-26 19:30:22
291,poso,-1.3959,120.7524,24.470000000000027,88,10,1.99,ID,2024-07-26 19:30:23
292,nuuk,64.1835,-51.7216,6.340000000000032,81,75,12.86,GL,2024-07-26 19:25:43
293,happy valley-goose bay,53.3168,-60.3315,17.170000000000016,51,20,2.06,CA,2024-07-26 19:30:23
294,sheldon,43.1811,-95.8561,30.960000000000036,70,0,5.14,US,2024-07-26 19:30:23
295,laminusa,5.5549,120.9136,28.28000000000003,79,99,3.33,PH,2024-07-26 19:30:23
296,ad dawadimi,24.5077,44.3924,31.640000000000043,16,5,2.79,SA,2024-07-26 19:30:23
297,riohacha,11.5444,-72.9072,33.55000000000001,50,100,5.84,CO,2024-07-26 19:30:23
298,zvishavane,-20.3267,30.0665,15.850000000000023,39,0,0.78,ZW,2024-07-26 19:30:23
299,san antonio de pale,-1.4014,5.6325,23.450000000000045,85,87,5.43,GQ,2024-07-26 19:27:24
300,ashchysay,43.5542,68.8889,20.80000000000001,33,2,5.82,KZ,2024-07-26 19:30:23
301,pauini,-7.7136,-66.9764,37.52000000000004,26,76,0.73,BR,2024-07-26 19:30:23
302,lazaro cardenas,17.9583,-102.2,31.189999999999998,59,97,5.36,MX,2024-07-26 19:26:40
303,yuzhno-kurilsk,44.0306,145.8556,12.810000000000002,94,18,1.66,RU,2024-07-26 19:30:24
304,pieksamaki,62.3,27.1333,19.53000000000003,69,52,1.12,FI,2024-07-26 19:30:24
305,dubbo,-32.25,148.6167,9.07000000000005,100,75,2.06,AU,2024-07-26 19:30:24
306,brandon,27.9378,-82.2859,33.610000000000014,63,40,2.06,US,2024-07-26 19:30:24
307,coahuayana de hidalgo,18.7,-103.6583,33.14000000000004,52,79,3.5,MX,2024-07-26 19:30:24
308,nova vicosa,-17.8919,-39.3719,24.53000000000003,69,16,4.02,BR,2024-07-26 19:30:24
309,oleksandriys'ke,48.6077,32.9835,22.939999999999998,35,100,1.81,UA,2024-07-26 19:30:24
310,kailua-kona,19.6406,-155.9956,28.5,65,20,7.2,US,2024-07-26 19:30:24
311,holualoa,19.6228,-155.9522,26.32000000000005,70,20,7.2,US,2024-07-26 19:30:25
312,onchan,54.1733,-4.4532,14.620000000000005,88,20,4.12,IM,2024-07-26 19:30:25
313,kupang,-10.1667,123.5833,26.32000000000005,89,100,1.54,ID,2024-07-26 19:30:25
314,myeik,12.4333,98.6,26.760000000000048,88,100,4.04,MM,2024-07-26 19:30:25
315,patterson,37.4716,-121.1297,36.19,8,0,1.7,US,2024-07-26 19:30:25
316,porto novo,6.4965,2.6036,24.900000000000034,86,40,4.14,BJ,2024-07-26 19:30:25
317,kiunga,-6.1219,141.2906,22.950000000000045,100,100,0.78,PG,2024-07-26 19:30:25
318,niigata,37.9022,139.0236,26.970000000000027,89,100,1.03,JP,2024-07-26 19:30:25
319,isangel,-19.55,169.2667,21.129999999999995,64,6,8.06,VU,2024-07-26 19:30:26
320,qamdo,31.1667,97.2333,8.57000000000005,91,100,1.69,CN,2024-07-26 19:30:26
321,colonia,50.9333,6.95,22.100000000000023,72,75,1.03,DE,2024-07-26 19:27:34
322,tonota,-21.4833,27.4833,15.890000000000043,40,0,3.41,BW,2024-07-26 19:30:26
323,haiku-pauwela,20.9219,-156.3051,24.350000000000023,69,20,7.2,US,2024-07-26 19:30:26
324,sao jose do campestre,-6.3156,-35.7139,24.850000000000023,61,22,4.52,BR,2024-07-26 19:30:26
325,kirakira,-10.4544,161.9205,24.57000000000005,87,100,3.7,SB,2024-07-26 19:30:26
326,turabah,21.2141,41.6331,28.55000000000001,24,100,6.32,SA,2024-07-26 19:30:27
327,madison,34.7334,-86.5667,25.920000000000016,80,100,2.34,US,2024-07-26 19:30:27
328,chebba,35.2372,11.115,27.0,66,0,5.54,TN,2024-07-26 19:30:27
329,gaalkacyo,6.7697,47.4308,26.74000000000001,59,100,10.2,SO,2024-07-26 19:30:27
330,essaouira,31.5125,-9.77,26.720000000000027,65,0,5.66,MA,2024-07-26 19:30:27
331,mount pleasant,32.7941,-79.8626,29.939999999999998,79,75,5.66,US,2024-07-26 19:30:27
332,drayton valley,53.2168,-114.9854,17.78000000000003,60,70,10.25,CA,2024-07-26 19:30:27
333,sant'antioco,39.0664,8.4522,22.879999999999995,82,0,1.4,IT,2024-07-26 19:30:27
334,urangan,-25.3,152.9,18.720000000000027,74,83,1.04,AU,2024-07-26 19:30:28
335,roosevelt,33.9668,-103.4505,32.93000000000001,22,6,6.47,US,2024-07-26 19:30:28
336,itoman,26.1247,127.6694,28.910000000000025,87,100,8.23,JP,2024-07-26 19:30:28
337,tafuna,-14.3358,-170.72,27.53000000000003,77,2,7.07,AS,2024-07-26 19:30:28
338,galle,6.0367,80.217,28.850000000000023,84,100,0.45,LK,2024-07-26 19:26:56
339,saint-philippe,-21.3585,55.7679,20.77000000000004,80,11,2.6,RE,2024-07-26 19:30:28
340,yashkino,55.8736,85.4265,19.730000000000018,88,17,2.85,RU,2024-07-26 19:30:28
341,marsa alam,25.0757,34.8918,31.960000000000036,51,100,1.73,EG,2024-07-26 19:30:28
342,khandyga,62.6667,135.6,14.150000000000034,94,100,1.41,RU,2024-07-26 19:25:44
343,giyani,-23.3025,30.7187,18.060000000000002,51,2,2.06,ZA,2024-07-26 19:30:28
344,gordonvale,-17.0936,145.7842,20.32000000000005,100,50,1.25,AU,2024-07-26 19:30:29
345,bikenibeu village,1.3673,173.1241,27.980000000000018,78,40,4.12,KI,2024-07-26 19:30:29
346,dowlatabad,32.7998,51.6955,30.82000000000005,14,0,2.06,IR,2024-07-26 19:30:29
347,qala i naw,34.9874,63.1289,29.090000000000032,30,0,0.66,AF,2024-07-26 19:30:29
348,imeni morozova,59.9757,31.0376,19.390000000000043,1,13,0.87,RU,2024-07-26 19:30:29
349,douentza,14.9951,-2.9517,33.610000000000014,44,8,3.07,ML,2024-07-26 19:30:29
350,tevriz,57.509,72.4042,17.460000000000036,98,100,4.9,RU,2024-07-26 19:30:29
351,hamilton,39.1834,-84.5333,28.74000000000001,44,0,3.09,US,2024-07-26 19:25:00
352,megarine,33.192,6.087,38.08000000000004,13,0,1.03,DZ,2024-07-26 19:30:29
353,kamaishi,39.2667,141.8833,21.08000000000004,98,100,1.21,JP,2024-07-26 19:30:29
354,male,4.1748,73.5089,28.970000000000027,89,75,5.66,MV,2024-07-26 19:30:29
355,shingu,33.7333,135.9833,25.600000000000023,93,100,2.4,JP,2024-07-26 19:30:30
356,mokolo,10.7398,13.8019,23.200000000000045,82,100,2.65,CM,2024-07-26 19:30:30
357,ad dabbah,18.05,30.95,29.32000000000005,54,100,7.18,SD,2024-07-26 19:30:30
358,jianshui,23.6363,102.8264,21.150000000000034,93,99,1.67,CN,2024-07-26 19:30:30
359,samux,40.7647,46.4085,22.560000000000002,100,75,3.09,AZ,2024-07-26 19:30:30
360,azadshahr,34.7909,48.5707,24.27000000000004,25,0,2.06,IR,2024-07-26 19:30:30
361,youkounkoun,12.5333,-13.1333,26.620000000000005,83,58,1.83,GN,2024-07-26 19:30:30
362,palamas,39.4667,22.0833,26.900000000000034,39,15,1.05,GR,2024-07-26 19:30:30
363,saint-felix-de-valois,46.1668,-73.4324,25.30000000000001,56,14,1.79,CA,2024-07-26 19:30:30
364,general toshevo,43.7,28.0333,20.629999999999995,74,13,1.78,BG,2024-07-26 19:30:30
365,shahrak,34.1074,64.3052,16.28000000000003,47,0,1.66,AF,2024-07-26 19:30:31
366,matoury,4.8483,-52.3317,21.980000000000018,100,75,2.57,GF,2024-07-26 19:28:17
367,luga,58.7372,29.8453,19.629999999999995,64,59,1.97,RU,2024-07-26 19:30:31
368,nelson bay,-32.7167,152.15,9.240000000000009,96,97,2.29,AU,2024-07-26 19:30:31
369,san pedro pochutla,15.7333,-96.4667,33.73000000000002,48,63,4.51,MX,2024-07-26 19:30:31
370,pointe-noire,-4.7761,11.8635,22.04000000000002,83,20,2.06,CG,2024-07-26 19:30:31
371,nagqu,31.5,92.0,6.640000000000043,95,100,1.55,CN,2024-07-26 19:30:31
372,kapa'a,22.0752,-159.319,25.260000000000048,84,100,7.2,US,2024-07-26 19:26:15
373,martapura,-3.4167,114.85,26.05000000000001,94,3,0.51,ID,2024-07-26 19:30:31
374,bathsheba,13.2167,-59.5167,29.439999999999998,72,0,6.82,BB,2024-07-26 19:30:31
375,fortuna,40.5982,-124.1573,17.510000000000048,82,0,6.17,US,2024-07-26 19:30:31
376,bam,29.106,58.357,35.27000000000004,12,99,4.93,IR,2024-07-26 19:30:32
377,psedakh,43.4672,44.5692,18.220000000000027,97,100,1.6,RU,2024-07-26 19:30:32
378,plastun,44.7561,136.2939,14.879999999999995,99,100,0.1,RU,2024-07-26 19:27:42
379,goure,13.9835,10.2704,31.730000000000018,46,100,5.96,NE,2024-07-26 19:30:32
380,jefferson city,38.5767,-92.1735,30.920000000000016,58,20,3.09,US,2024-07-26 19:27:47
381,burley,42.5357,-113.7928,22.980000000000018,43,0,0.0,US,2024-07-26 19:30:32
382,el galpon,-25.3807,-64.6526,27.170000000000016,27,0,1.4,AR,2024-07-26 19:30:32
383,antsiranana,-12.2787,49.2917,21.99000000000001,88,51,4.28,MG,2024-07-26 19:30:33
384,itaituba,-4.2761,-55.9836,31.090000000000032,58,40,4.12,BR,2024-07-26 19:30:33
385,sinabang,2.4803,96.3801,27.04000000000002,83,100,2.3,ID,2024-07-26 19:30:33
386,comayagua,14.45,-87.6333,29.28000000000003,64,56,2.46,HN,2024-07-26 19:29:01
387,la passe,45.5549,-0.8967,22.79000000000002,91,100,3.52,FR,2024-07-26 19:30:34
388,crucecita,-28.95,-58.9833,26.03000000000003,48,0,3.67,AR,2024-07-26 19:30:34
389,villa gesell,-37.2639,-56.973,11.700000000000045,68,93,4.12,AR,2024-07-26 19:27:33
390,changli,39.7042,119.1506,22.760000000000048,97,50,2.12,CN,2024-07-26 19:30:35
391,ambodifotatra,-16.9833,49.85,22.700000000000045,82,33,0.5,MG,2024-07-26 19:30:35
392,chonchi,-42.6128,-73.8092,7.840000000000032,81,31,5.04,CL,2024-07-26 19:30:36
393,south sioux city,42.4739,-96.4136,32.47000000000003,52,0,4.12,US,2024-07-26 19:30:36
394,gurinhem,-7.1239,-35.4244,24.54000000000002,70,14,6.25,BR,2024-07-26 19:30:36
395,callao,-12.0667,-77.15,17.160000000000025,77,100,2.57,PE,2024-07-26 19:27:46
396,fale old settlement,-9.3852,-171.2468,27.860000000000014,67,92,1.19,TK,2024-07-26 19:30:36
397,yeniseysk,58.4497,92.1703,17.970000000000027,81,10,1.77,RU,2024-07-26 19:30:36
398,san luis de la loma,17.2706,-100.8939,31.52000000000004,64,95,4.09,MX,2024-07-26 19:30:36
399,minas de marcona,-15.2119,-75.1103,14.57000000000005,65,4,7.65,PE,2024-07-26 19:30:36
400,krasnystaw,50.9846,23.1742,18.260000000000048,84,68,0.54,PL,2024-07-26 19:30:36
401,villanueva,15.3167,-88.0,31.720000000000027,62,62,2.63,HN,2024-07-26 19:30:36
402,viedma,-40.8135,-62.9967,13.800000000000011,37,0,4.95,AR,2024-07-26 19:30:37
403,bulgan,48.8125,103.5347,15.340000000000032,86,98,1.65,MN,2024-07-26 19:30:37
404,ofunato,39.0717,141.7167,21.390000000000043,98,100,0.88,JP,2024-07-26 19:30:37
405,college,64.8569,-147.8028,18.710000000000036,80,100,2.57,US,2024-07-26 19:30:37
406,salinopolis,-0.6136,-47.3561,27.870000000000005,72,45,6.15,BR,2024-07-26 19:30:38
407,gamay,12.3854,125.2979,23.950000000000045,94,77,1.58,PH,2024-07-26 19:30:38
408,ujae,8.9322,165.7642,28.29000000000002,79,100,8.33,MH,2024-07-26 19:30:38
409,anzio,41.4853,12.6179,27.33000000000004,67,0,3.31,IT,2024-07-26 19:30:38
410,nemuro,43.3236,145.575,13.220000000000027,91,65,1.92,JP,2024-07-26 19:30:38
411,partenit,44.578,34.3446,22.30000000000001,70,100,6.52,UA,2024-07-26 19:30:38
412,chaozhou,23.6651,116.6379,24.920000000000016,96,100,3.91,CN,2024-07-26 19:30:38
413,naze,28.3667,129.4833,27.510000000000048,86,53,5.65,JP,2024-07-26 19:30:38
414,sabha,27.0377,14.4283,35.53000000000003,22,0,4.34,LY,2024-07-26 19:29:29
415,cacoal,-11.4386,-61.4472,37.210000000000036,17,0,2.36,BR,2024-07-26 19:30:38
416,flying fish cove,-10.4217,105.6791,24.82000000000005,88,100,6.17,CX,2024-07-26 19:30:38
417,durban,-29.8579,31.0292,11.510000000000048,68,0,3.9,ZA,2024-07-26 19:30:25
418,sligo,54.2697,-8.4694,13.960000000000036,80,40,3.6,IE,2024-07-26 19:30:39
419,sebdou,34.637,-1.3314,25.610000000000014,28,41,3.05,DZ,2024-07-26 19:30:39
420,colares,38.7992,-9.4469,22.55000000000001,80,20,13.86,PT,2024-07-26 19:30:39
421,dinguiraye,11.3,-10.7167,22.600000000000023,94,100,0.75,GN,2024-07-26 19:30:40
422,pallasovka,50.05,46.8833,17.860000000000014,52,23,4.35,RU,2024-07-26 19:30:40
423,cova figueira,14.8905,-24.2934,20.379999999999995,83,84,0.35,CV,2024-07-26 19:30:40
424,xuanzhou,30.9525,118.7553,26.879999999999995,87,97,7.37,CN,2024-07-26 19:30:40
425,tonga,-20.0,-175.0,22.560000000000002,71,100,9.6,TO,2024-07-26 19:30:40
426,mbandaka,0.0487,18.2603,23.950000000000045,77,99,1.88,CD,2024-07-26 19:30:40
427,crane,31.3974,-102.3501,33.950000000000045,23,0,4.92,US,2024-07-26 19:30:40
428,kyabe,9.4515,18.9449,23.110000000000014,93,100,1.6,TD,2024-07-26 19:30:41
429,prince rupert,54.3161,-130.3201,13.879999999999995,92,100,6.69,CA,2024-07-26 19:30:41
430,richards bay,-28.783,32.0377,17.120000000000005,89,0,1.62,ZA,2024-07-26 19:30:41
431,balkanabat,39.5108,54.3671,33.98000000000002,28,39,6.6,TM,2024-07-26 19:30:41
432,alotau,-10.3069,150.4462,21.840000000000032,90,100,1.77,PG,2024-07-26 19:30:41
433,vila franca do campo,37.7167,-25.4333,25.230000000000018,80,5,4.59,PT,2024-07-26 19:30:41
434,sabang,5.8933,95.3214,29.08000000000004,76,100,7.46,ID,2024-07-26 19:30:41
435,valparaiso,-33.0393,-71.6273,15.990000000000009,65,0,4.63,CL,2024-07-26 19:30:22
436,port lincoln,-34.7333,135.8667,10.800000000000011,60,95,5.91,AU,2024-07-26 19:30:42
437,ust'-uda,54.1742,103.0304,17.480000000000018,96,59,0.8,RU,2024-07-26 19:30:42
438,yaren,-0.5472,166.916,28.79000000000002,70,23,6.89,NR,2024-07-26 19:30:42
439,westport,41.1415,-73.3579,28.160000000000025,46,20,3.6,US,2024-07-26 19:26:48
440,yelabuga,55.7613,52.0649,13.75,89,100,3.21,RU,2024-07-26 19:30:42
441,padang,-0.9492,100.3543,24.03000000000003,89,45,1.77,ID,2024-07-26 19:30:42
442,namibe,-15.1961,12.1522,16.78000000000003,81,64,1.35,AO,2024-07-26 19:30:43
443,haciqabul,40.0408,48.9445,26.460000000000036,49,1,1.97,AZ,2024-07-26 19:30:43
444,huaihua,27.5494,109.9592,25.980000000000018,93,11,1.44,CN,2024-07-26 19:30:43
445,gurupi,-11.7292,-49.0686,33.25,21,53,3.47,BR,2024-07-26 19:30:10
446,mount pearl,47.5166,-52.7813,16.900000000000034,95,100,3.09,CA,2024-07-26 19:30:43
447,zayed city,24.3768,54.589,36.80000000000001,38,0,1.54,AE,2024-07-26 19:30:43
448,sainte-anne-des-monts,49.124,-66.4924,17.930000000000007,77,95,4.63,CA,2024-07-26 19:30:43
449,conde,-7.2597,-34.9075,26.700000000000045,69,40,7.72,BR,2024-07-26 19:30:43
450,okha,53.5739,142.9478,14.879999999999995,92,14,3.01,RU,2024-07-26 19:30:43
451,sosua,19.7667,-70.5167,31.950000000000045,74,40,7.72,DO,2024-07-26 19:30:43
452,sanctuary point,-35.1114,150.629,7.330000000000041,70,39,2.22,AU,2024-07-26 19:30:44
453,gao,16.6362,1.637,35.31,37,3,4.3,ML,2024-07-26 19:30:44
454,la'ie,21.6477,-157.9253,26.25,73,100,2.68,US,2024-07-26 19:30:44
455,la sarre,48.8002,-79.1996,24.689999999999998,52,31,3.22,CA,2024-07-26 19:30:44
456,puerto armuelles,8.2833,-82.8667,28.939999999999998,82,100,3.58,PA,2024-07-26 19:30:44
457,east end,34.5507,-92.341,26.74000000000001,80,100,3.08,US,2024-07-26 19:30:44
458,miri,4.4148,114.0089,27.08000000000004,94,20,0.0,MY,2024-07-26 19:30:44
459,emerald,-23.5333,148.1667,13.520000000000039,85,100,1.83,AU,2024-07-26 19:30:44
460,howard springs,-12.497,131.047,23.379999999999995,95,100,2.03,AU,2024-07-26 19:30:44
461,waingapu,-9.6567,120.2641,23.120000000000005,81,0,2.21,ID,2024-07-26 19:30:45
462,necochea,-38.5473,-58.7368,13.680000000000007,53,8,3.67,AR,2024-07-26 19:30:45
463,buala,-8.145,159.5921,26.03000000000003,86,100,3.45,SB,2024-07-26 19:30:45
464,san patricio,28.017,-97.5169,28.220000000000027,53,63,3.85,US,2024-07-26 19:30:45
465,kone,-21.0595,164.8658,16.57000000000005,80,32,2.01,NC,2024-07-26 19:30:45
466,hanawa,40.1836,140.7872,22.5,99,100,0.85,JP,2024-07-26 19:30:45
467,kasempa,-13.4584,25.8338,17.28000000000003,19,0,2.06,ZM,2024-07-26 19:30:45
468,dass,10.0,9.5167,22.920000000000016,87,90,1.44,NG,2024-07-26 19:30:45
469,sucua,-2.4667,-78.1667,24.410000000000025,68,75,2.06,EC,2024-07-26 19:30:45
470,pathein,16.7833,94.7333,25.890000000000043,91,100,5.56,MM,2024-07-26 19:30:45
471,tchaourou,8.8865,2.5975,22.600000000000023,96,56,2.13,BJ,2024-07-26 19:30:45
472,selkirk,50.1436,-96.8845,28.470000000000027,78,100,2.68,CA,2024-07-26 19:25:48
473,okhotsk,59.3833,143.3,13.25,96,100,0.46,RU,2024-07-26 19:30:46
474,salinas,36.6777,-121.6555,17.58000000000004,73,0,6.17,US,2024-07-26 19:26:10
475,praia da vitoria,38.7333,-27.0667,30.140000000000043,54,40,5.0,PT,2024-07-26 19:30:46
476,port moresby,-9.4431,147.1797,24.680000000000007,83,40,5.14,PG,2024-07-26 19:30:46
477,temiskaming shores,47.4938,-79.7153,25.890000000000043,31,7,2.63,CA,2024-07-26 19:30:46
478,huarmey,-10.0681,-78.1522,19.939999999999998,70,1,5.09,PE,2024-07-26 19:30:46
479,pacific grove,36.6177,-121.9166,16.660000000000025,80,20,4.63,US,2024-07-26 19:30:47
480,rancho palos verdes,33.7445,-118.387,24.260000000000048,75,20,5.14,US,2024-07-26 19:30:47
481,fuerte olimpo,-21.0415,-57.8738,35.170000000000016,20,71,2.51,PY,2024-07-26 19:30:47
482,chamical,-30.36,-66.314,21.620000000000005,19,100,2.55,AR,2024-07-26 19:30:47
483,christchurch,-43.5333,172.6333,5.990000000000009,84,84,0.5,NZ,2024-07-26 19:26:45
484,leh,34.1667,77.5833,17.090000000000032,33,3,3.71,IN,2024-07-26 19:30:47
485,bafoulabe,13.8065,-10.8321,28.950000000000045,70,100,2.07,ML,2024-07-26 19:30:47
486,humboldt,40.6665,-123.9178,12.970000000000027,32,0,3.66,US,2024-07-26 19:30:47
487,el charco,2.4769,-78.1105,29.129999999999995,70,85,3.4,CO,2024-07-26 19:30:47
488,johi,26.6921,67.6133,37.650000000000034,46,99,5.64,PK,2024-07-26 19:30:47
489,tateyama,34.9833,139.8667,26.720000000000027,94,100,4.61,JP,2024-07-26 19:30:48
490,kotido,2.9806,34.1331,20.730000000000018,76,90,1.71,UG,2024-07-26 19:30:48
491,borova,50.1763,30.1043,22.920000000000016,44,100,3.33,UA,2024-07-26 19:30:48
492,hohhot,40.8106,111.6522,19.160000000000025,59,0,3.0,CN,2024-07-26 19:30:48
493,el burgo de osma,41.5862,-3.0652,26.760000000000048,35,68,2.57,ES,2024-07-26 19:30:48
494,tandil,-37.3217,-59.1332,17.600000000000023,47,8,3.55,AR,2024-07-26 19:27:05
495,ayaviri,-14.8864,-70.5889,16.420000000000016,20,0,2.35,PE,2024-07-26 19:30:48
496,qandala,11.472,49.8728,32.150000000000034,59,99,1.22,SO,2024-07-26 19:30:48
497,dwarka,22.2394,68.9678,27.83000000000004,87,100,9.04,IN,2024-07-26 19:30:48
498,valle de la pascua,9.2155,-66.0073,28.860000000000014,79,47,2.93,VE,2024-07-26 19:30:49
499,pahrump,36.2083,-115.9839,38.10000000000002,21,0,4.47,US,2024-07-26 19:30:49
500,qarazhal,48.0078,70.7903,22.160000000000025,36,0,2.51,KZ,2024-07-26 19:30:49
501,northam,51.0333,-4.2167,15.760000000000048,84,1,3.41,GB,2024-07-26 19:30:49
502,sisimiut,66.9395,-53.6735,5.850000000000023,73,100,9.03,GL,2024-07-26 19:30:49
503,komyshuvakha,47.7176,35.5288,25.0,32,93,2.52,UA,2024-07-26 19:30:49
504,portage la prairie,49.9728,-98.2926,27.510000000000048,70,100,3.6,CA,2024-07-26 19:30:49
505,chokwe,-24.5333,32.9833,19.82000000000005,54,2,2.5,MZ,2024-07-26 19:30:49
506,birobidzhan,48.8,132.95,16.83000000000004,98,100,2.45,RU,2024-07-26 19:30:49
507,greymouth,-42.4667,171.2,9.950000000000045,94,67,0.75,NZ,2024-07-26 19:30:50
508,khairagarh,26.95,77.8167,34.31,55,96,2.4,IN,2024-07-26 19:30:50
509,uacu cungo,-11.3634,15.1208,17.439999999999998,44,0,1.31,AO,2024-07-26 19:30:50
510,biloela,-24.4167,150.5,14.400000000000034,91,93,1.25,AU,2024-07-26 19:30:50
511,egilsstadir,65.2653,-14.3948,9.950000000000045,93,100,6.17,IS,2024-07-26 19:30:50
512,nogliki,51.8333,143.1667,13.980000000000018,86,0,5.67,RU,2024-07-26 19:30:50
513,dashitou,43.3067,128.5114,18.900000000000034,99,100,2.15,CN,2024-07-26 19:30:50
514,harnosand,62.6323,17.9379,19.0,84,98,3.54,SE,2024-07-26 19:30:50
515,rabo de peixe,37.8,-25.5833,24.730000000000018,83,40,5.14,PT,2024-07-26 19:30:50
516,vorkuta,67.5,64.0,8.75,90,100,1.78,RU,2024-07-26 19:30:50
517,pimentel,-6.8367,-79.9342,22.160000000000025,60,0,6.17,PE,2024-07-26 19:30:50
518,mandalgovi,45.7625,106.2708,13.810000000000002,91,8,4.52,MN,2024-07-26 19:30:51
519,kibaya,-5.3,36.5667,16.200000000000045,56,4,3.04,TZ,2024-07-26 19:30:51
520,laguna,38.421,-121.4238,34.48000000000002,22,0,4.63,US,2024-07-26 19:30:51
521,grootfontein,-19.5667,18.1167,19.210000000000036,14,0,4.9,NA,2024-07-26 19:30:51
522,posadas,-27.3671,-55.8961,24.710000000000036,73,0,5.14,AR,2024-07-26 19:27:03
523,canatlan,24.5167,-104.7833,23.57000000000005,40,15,5.11,MX,2024-07-26 19:30:51
524,luoyang,34.6836,112.4536,25.82000000000005,91,42,1.79,CN,2024-07-26 19:30:51
525,dakoro,14.5106,6.765,31.27000000000004,50,9,6.1,NE,2024-07-26 19:30:51
526,taroa,8.7058,171.2275,28.510000000000048,80,100,8.12,MH,2024-07-26 19:30:52
527,ta`u,-14.2336,-169.5144,27.100000000000023,79,27,6.77,AS,2024-07-26 19:30:52
528,mermoz boabab,14.7065,-17.4758,27.879999999999995,83,40,2.06,SN,2024-07-26 19:30:52
529,lubango,-14.9172,13.4925,16.920000000000016,22,0,3.09,AO,2024-07-26 19:30:52
530,buka,40.8108,69.1986,27.30000000000001,28,0,3.01,UZ,2024-07-26 19:30:52
531,brokopondo,4.75,-55.1667,29.05000000000001,62,43,1.21,SR,2024-07-26 19:30:52
532,lycksele,64.5954,18.6735,18.930000000000007,68,100,4.63,SE,2024-07-26 19:30:52
533,sarangani,5.4033,125.4636,27.310000000000002,78,100,2.5,PH,2024-07-26 19:30:52
534,kindu,-2.95,25.95,27.560000000000002,35,96,0.43,CD,2024-07-26 19:30:53
535,kralendijk,12.15,-68.2667,30.99000000000001,70,75,12.35,BQ,2024-07-26 19:30:53
536,cumaral,4.2708,-73.4867,27.470000000000027,71,49,2.16,CO,2024-07-26 19:30:53
537,xinyuan,37.3,99.0,8.910000000000025,95,100,0.88,CN,2024-07-26 19:30:53
538,nouadhibou,20.931,-17.0347,23.99000000000001,78,40,6.17,MR,2024-07-26 19:30:53
539,mineral wells,32.8085,-98.1128,29.710000000000036,60,40,3.44,US,2024-07-26 19:30:53
540,lospalos,-8.5186,127.0025,20.74000000000001,99,55,1.64,TL,2024-07-26 19:30:53
541,nabire,-3.3667,135.4833,24.32000000000005,86,97,1.08,ID,2024-07-26 19:30:53
542,fort mcmurray,56.7268,-111.381,17.730000000000018,67,75,2.57,CA,2024-07-26 19:30:13
543,mirriah,13.7073,9.1501,31.439999999999998,49,100,5.49,NE,2024-07-26 19:30:53
544,tezu,27.9167,96.1667,25.230000000000018,96,99,2.39,IN,2024-07-26 19:30:54
545,anchorage,61.2181,-149.9003,13.78000000000003,89,100,6.17,US,2024-07-26 19:29:31
546,kidal,18.4411,1.4078,35.35000000000002,33,8,3.33,ML,2024-07-26 19:30:54
547,lamu,-2.2717,40.902,24.210000000000036,87,28,6.86,KE,2024-07-26 19:30:54
548,ardanuc,41.1274,42.0629,20.670000000000016,94,39,1.04,TR,2024-07-26 19:30:54
549,kerikeri,-35.2268,173.9474,6.830000000000041,92,17,1.91,NZ,2024-07-26 19:30:54
550,tukrah,32.5341,20.5791,27.510000000000048,73,0,4.24,LY,2024-07-26 19:30:54
551,ninghai,29.2892,121.4247,27.090000000000032,93,100,10.09,CN,2024-07-26 19:30:54
552,beau vallon,-20.4189,57.6953,20.930000000000007,83,20,0.51,MU,2024-07-26 19:30:54
553,churachandpur,24.3333,93.6667,23.439999999999998,88,100,2.24,IN,2024-07-26 19:30:54
554,mitu,1.1983,-70.1733,27.960000000000036,71,100,1.22,CO,2024-07-26 19:26:43
555,thinadhoo,0.5333,72.9333,28.950000000000045,73,100,2.9,MV,2024-07-26 19:30:55
556,firmat,-33.4594,-61.4832,22.170000000000016,35,20,1.63,AR,2024-07-26 19:30:55
557,guanica,17.9716,-66.908,33.410000000000025,60,100,8.94,PR,2024-07-26 19:30:55
558,fremont,37.5483,-121.9886,25.390000000000043,52,0,7.72,US,2024-07-26 19:30:01
559,baiquan,47.5833,126.0833,18.760000000000048,98,100,3.8,CN,2024-07-26 19:30:55
560,istgah-e rah ahan-e garmsar,35.2346,52.3094,37.54000000000002,14,0,5.67,IR,2024-07-26 19:30:55
561,ixtapa,20.7,-105.2,30.57000000000005,66,75,3.6,MX,2024-07-26 19:30:55
562,monrovia,6.3005,-10.7969,24.870000000000005,85,99,5.12,LR,2024-07-26 19:30:55
563,kangasniemi,61.9936,26.6479,20.010000000000048,82,52,1.72,FI,2024-07-26 19:30:55
564,kodinar,20.7903,70.7031,27.54000000000002,88,100,9.2,IN,2024-07-26 19:30:55
565,peniche,39.3558,-9.3811,19.939999999999998,93,29,6.85,PT,2024-07-26 19:30:56
566,wajir,1.7471,40.0573,28.160000000000025,43,100,10.81,KE,2024-07-26 19:30:56
567,guilin,25.2819,110.2864,28.060000000000002,92,100,1.51,CN,2024-07-26 19:30:56
568,boyolangu,-8.1181,111.8935,22.110000000000014,96,66,0.85,ID,2024-07-26 19:30:56
569,south hedland,-20.4089,118.5983,10.960000000000036,30,0,3.6,AU,2024-07-26 19:30:56
570,xinqing,48.2333,129.5,18.390000000000043,99,100,4.91,CN,2024-07-26 19:30:56
571,wamba,8.9333,8.6,22.430000000000007,94,100,1.51,NG,2024-07-26 19:30:56
572,rongelap,11.1635,166.8941,28.07000000000005,78,61,8.54,MH,2024-07-26 19:30:56
573,mugia,43.1041,-9.2179,18.28000000000003,91,92,7.4,ES,2024-07-26 19:30:56
574,trincomalee,8.5711,81.2335,28.439999999999998,76,100,9.01,LK,2024-07-26 19:30:56
575,hassi messaoud,31.6804,6.0729,38.920000000000016,13,0,2.06,DZ,2024-07-26 19:30:57
576,naliya,23.2667,68.8333,28.04000000000002,85,100,7.93,IN,2024-07-26 19:30:57
